Date,Tenant ID,Program Name,Requests
2025-11-04,cm-p130360-e1272151,Crosswalk,2
2025-11-04,cm-p7718-e16302,InsideAdobeNext,93
2025-11-05,cm-p7718-e16261,InsideAdobeNext,3
2025-11-05,cm-p7718-e16302,InsideAdobeNext,215
2025-11-06,cm-p162709-e1741368,Unknown Program,1
2025-11-06,cm-p7718-e16302,InsideAdobeNext,204
2025-11-07,cm-p163523-e1788054,ASO Sandbox Trial,1
2025-11-07,cm-p7718-e16302,InsideAdobeNext,155
2025-11-08,cm-p7718-e16302,InsideAdobeNext,21
2025-11-09,cm-p163523-e1788054,ASO Sandbox Trial,1
2025-11-09,cm-p7718-e16302,InsideAdobeNext,72
2025-11-09,cm-p7718-e22224,InsideAdobeNext,1
2025-11-10,cm-p130360-e1272151,Crosswalk,16
2025-11-10,cm-p163523-e1788054,ASO Sandbox Trial,8
2025-11-10,cm-p47754-e237307,Unknown Program,1
2025-11-10,cm-p7718-e16261,InsideAdobeNext,6
2025-11-10,cm-p7718-e16302,InsideAdobeNext,3821
2025-11-10,cm-p7718-e22224,InsideAdobeNext,8
2025-11-11,cm-p130360-e1272151,Crosswalk,579
2025-11-11,cm-p155458-e1664796,MSC EDS,1
2025-11-11,cm-p47754-e1700224,Unknown Program,16
2025-11-11,cm-p7718-e16261,InsideAdobeNext,115
2025-11-11,cm-p7718-e16302,InsideAdobeNext,9879
2025-11-11,cm-p7718-e22224,InsideAdobeNext,9
2025-11-12,cm-p130360-e1272151,Crosswalk,62
2025-11-12,cm-p158407-e1689364,Content AI Service Program,1
2025-11-12,cm-p158407-e1696476,Content AI Service Program,2
2025-11-12,cm-p158407-e1710855,Content AI Service Program,7
2025-11-12,cm-p162709-e1741368,Unknown Program,58
2025-11-12,cm-p163523-e1788054,ASO Sandbox Trial,5
2025-11-12,cm-p52402-e1704223,Unknown Program,4
2025-11-12,cm-p7718-e16261,InsideAdobeNext,17
2025-11-12,cm-p7718-e16302,InsideAdobeNext,12545
2025-11-12,cm-p7718-e22224,InsideAdobeNext,13
2025-11-13,cm-p155458-e1664685,MSC EDS,20
2025-11-13,cm-p155458-e1664796,MSC EDS,4
2025-11-13,cm-p158407-e1710855,Content AI Service Program,1
2025-11-13,cm-p163523-e1788054,ASO Sandbox Trial,6
2025-11-13,cm-p7718-e16261,InsideAdobeNext,29
2025-11-13,cm-p7718-e16302,InsideAdobeNext,12520
2025-11-14,cm-p114704-e1171262,Unknown Program,12
2025-11-14,cm-p130360-e1272151,Crosswalk,236
2025-11-14,cm-p155458-e1664685,MSC EDS,4
2025-11-14,cm-p158407-e1689364,Content AI Service Program,4
2025-11-14,cm-p162709-e1741368,Unknown Program,72
2025-11-14,cm-p163523-e1788054,ASO Sandbox Trial,107
2025-11-14,cm-p47754-e1700224,Unknown Program,27
2025-11-14,cm-p52402-e1704223,Unknown Program,2
2025-11-14,cm-p7718-e16261,InsideAdobeNext,25
2025-11-14,cm-p7718-e16302,InsideAdobeNext,12109
2025-11-14,cm-p7718-e22224,InsideAdobeNext,4
2025-11-15,cm-p130360-e1272151,Crosswalk,2
2025-11-15,cm-p163523-e1788054,ASO Sandbox Trial,5
2025-11-15,cm-p47754-e1700224,Unknown Program,23
2025-11-15,cm-p7718-e16302,InsideAdobeNext,2429
2025-11-16,cm-p130360-e1272151,Crosswalk,8
2025-11-16,cm-p163523-e1788054,ASO Sandbox Trial,12
2025-11-16,cm-p171453-e1846108,WYNDHAM HOTEL GROUP LLC BC Pilot,1
2025-11-16,cm-p7718-e16261,InsideAdobeNext,6
2025-11-16,cm-p7718-e16302,InsideAdobeNext,2409
2025-11-17,cm-p114704-e1171262,Unknown Program,30
2025-11-17,cm-p130360-e1272151,Crosswalk,696
2025-11-17,cm-p155458-e1664796,MSC EDS,5
2025-11-17,cm-p162709-e1741368,Unknown Program,97
2025-11-17,cm-p163523-e1788054,ASO Sandbox Trial,16
2025-11-17,cm-p171453-e1846108,WYNDHAM HOTEL GROUP LLC BC Pilot,29
2025-11-17,cm-p47754-e1700224,Unknown Program,14
2025-11-17,cm-p52402-e1704223,Unknown Program,4
2025-11-17,cm-p7718-e16261,InsideAdobeNext,96
2025-11-17,cm-p7718-e16302,InsideAdobeNext,14676
2025-11-17,cm-p7718-e22224,InsideAdobeNext,4
2025-11-18,cm-p114704-e1171262,Unknown Program,36
2025-11-18,cm-p130360-e1272151,Crosswalk,1972
2025-11-18,cm-p130360-e1272244,Crosswalk,1
2025-11-18,cm-p155458-e1664685,MSC EDS,1
2025-11-18,cm-p155458-e1664796,MSC EDS,470
2025-11-18,cm-p163523-e1788054,ASO Sandbox Trial,15
2025-11-18,cm-p171453-e1846108,WYNDHAM HOTEL GROUP LLC BC Pilot,43
2025-11-18,cm-p47754-e1700224,Unknown Program,2
2025-11-18,cm-p7718-e16261,InsideAdobeNext,25
2025-11-18,cm-p7718-e16302,InsideAdobeNext,14873
2025-11-19,cm-p130360-e1272151,Crosswalk,11075
2025-11-19,cm-p155458-e1664685,MSC EDS,15
2025-11-19,cm-p155458-e1664796,MSC EDS,7
2025-11-19,cm-p158407-e1710855,Content AI Service Program,2
2025-11-19,cm-p171453-e1846108,WYNDHAM HOTEL GROUP LLC BC Pilot,41
2025-11-19,cm-p7718-e16261,InsideAdobeNext,111
2025-11-19,cm-p7718-e16302,InsideAdobeNext,13174
2025-11-19,cm-p7718-e22224,InsideAdobeNext,5
2025-11-20,cm-p130360-e1272151,Crosswalk,12712
2025-11-20,cm-p158407-e1689364,Content AI Service Program,1
2025-11-20,cm-p162709-e1741368,Unknown Program,95
2025-11-20,cm-p163523-e1788054,ASO Sandbox Trial,124
2025-11-20,cm-p171453-e1846108,WYNDHAM HOTEL GROUP LLC BC Pilot,19
2025-11-20,cm-p31359-e1338271,Unknown Program,3
2025-11-20,cm-p7718-e16261,InsideAdobeNext,188
2025-11-20,cm-p7718-e16302,InsideAdobeNext,12894
2025-11-21,cm-p130360-e1272151,Crosswalk,18131
2025-11-21,cm-p155458-e1664685,MSC EDS,165
2025-11-21,cm-p158407-e1696476,Content AI Service Program,1
2025-11-21,cm-p162709-e1741368,Unknown Program,25
2025-11-21,cm-p163523-e1788054,ASO Sandbox Trial,111
2025-11-21,cm-p171453-e1846108,WYNDHAM HOTEL GROUP LLC BC Pilot,56
2025-11-21,cm-p7718-e16261,InsideAdobeNext,54
2025-11-21,cm-p7718-e16302,InsideAdobeNext,12058
2025-11-22,cm-p130360-e1272151,Crosswalk,1641
2025-11-22,cm-p155458-e1664685,MSC EDS,3
2025-11-22,cm-p163523-e1788054,ASO Sandbox Trial,31
2025-11-22,cm-p7718-e16261,InsideAdobeNext,16
2025-11-22,cm-p7718-e16302,InsideAdobeNext,2756
2025-11-23,cm-p130360-e1272151,Crosswalk,504
2025-11-23,cm-p163523-e1788054,ASO Sandbox Trial,5
2025-11-23,cm-p7718-e16261,InsideAdobeNext,10
2025-11-23,cm-p7718-e16302,InsideAdobeNext,2049
2025-11-24,cm-p114704-e1171262,Unknown Program,4
2025-11-24,cm-p130360-e1272151,Crosswalk,15092
2025-11-24,cm-p155458-e1664685,MSC EDS,1097
2025-11-24,cm-p155458-e1664796,MSC EDS,1
2025-11-24,cm-p163523-e1788054,ASO Sandbox Trial,32
2025-11-24,cm-p171453-e1846108,WYNDHAM HOTEL GROUP LLC BC Pilot,35
2025-11-24,cm-p31359-e1338271,Unknown Program,37
2025-11-24,cm-p7718-e16261,InsideAdobeNext,22
2025-11-24,cm-p7718-e16302,InsideAdobeNext,12454
2025-11-25,cm-p130360-e1272151,Crosswalk,6178
2025-11-25,cm-p155458-e1664685,MSC EDS,497
2025-11-25,cm-p163523-e1788054,ASO Sandbox Trial,1
2025-11-25,cm-p171453-e1846108,WYNDHAM HOTEL GROUP LLC BC Pilot,24
2025-11-25,cm-p31359-e1338271,Unknown Program,46
2025-11-25,cm-p7718-e16261,InsideAdobeNext,141
2025-11-25,cm-p7718-e16302,InsideAdobeNext,12357
2025-11-25,cm-p7718-e22224,InsideAdobeNext,1
2025-11-26,cm-p130360-e1272151,Crosswalk,1437
2025-11-26,cm-p161503-e1722530,Unknown Program,10
2025-11-26,cm-p163523-e1788054,ASO Sandbox Trial,52
2025-11-26,cm-p171453-e1846108,WYNDHAM HOTEL GROUP LLC BC Pilot,96
2025-11-26,cm-p7718-e16261,InsideAdobeNext,16
2025-11-26,cm-p7718-e16302,InsideAdobeNext,9997
2025-11-27,cm-p114704-e1122666,Unknown Program,3
2025-11-27,cm-p130360-e1272151,Crosswalk,485
2025-11-27,cm-p155458-e1664685,MSC EDS,2
2025-11-27,cm-p163523-e1788054,ASO Sandbox Trial,42
2025-11-27,cm-p165854-e1765445,Unknown Program,6
2025-11-27,cm-p171453-e1846108,WYNDHAM HOTEL GROUP LLC BC Pilot,22
2025-11-27,cm-p31359-e1338271,Unknown Program,1
2025-11-27,cm-p7718-e16261,InsideAdobeNext,4
2025-11-27,cm-p7718-e16302,InsideAdobeNext,5988
2025-11-28,cm-p130360-e1272151,Crosswalk,707
2025-11-28,cm-p163523-e1788054,ASO Sandbox Trial,57
2025-11-28,cm-p7718-e16261,InsideAdobeNext,10
2025-11-28,cm-p7718-e16302,InsideAdobeNext,4848
2025-11-29,cm-p7718-e16302,InsideAdobeNext,1787
2025-11-30,cm-p7718-e16261,InsideAdobeNext,4
2025-11-30,cm-p7718-e16302,InsideAdobeNext,2172
2025-12-01,cm-p130360-e1272151,Crosswalk,6030
2025-12-01,cm-p155458-e1664685,MSC EDS,10
2025-12-01,cm-p162709-e1741368,Unknown Program,38
2025-12-01,cm-p163523-e1788054,ASO Sandbox Trial,154
2025-12-01,cm-p7718-e16261,InsideAdobeNext,8
2025-12-01,cm-p7718-e16302,InsideAdobeNext,14281
2025-12-02,cm-p115966-e1137377,Unknown Program,5
2025-12-02,cm-p130360-e1272151,Crosswalk,730
2025-12-02,cm-p155458-e1664685,MSC EDS,387
2025-12-02,cm-p162709-e1741368,Unknown Program,42
2025-12-02,cm-p163523-e1788054,ASO Sandbox Trial,94
2025-12-02,cm-p171453-e1846108,WYNDHAM HOTEL GROUP LLC BC Pilot,59
2025-12-02,cm-p7718-e16261,InsideAdobeNext,55
2025-12-02,cm-p7718-e16302,InsideAdobeNext,14838
2025-12-03,cm-p115966-e1137377,Unknown Program,12
2025-12-03,cm-p130360-e1272151,Crosswalk,515
2025-12-03,cm-p155458-e1664685,MSC EDS,1154
2025-12-03,cm-p158407-e1689364,Content AI Service Program,1
2025-12-03,cm-p162709-e1741368,Unknown Program,90
2025-12-03,cm-p163523-e1788054,ASO Sandbox Trial,151
2025-12-03,cm-p171453-e1846108,WYNDHAM HOTEL GROUP LLC BC Pilot,17
2025-12-03,cm-p7718-e16261,InsideAdobeNext,35
2025-12-03,cm-p7718-e16302,InsideAdobeNext,12931
2025-12-03,cm-p7718-e22224,InsideAdobeNext,1
2025-12-04,cm-p130360-e1272151,Crosswalk,576
2025-12-04,cm-p155458-e1664685,MSC EDS,1050
2025-12-04,cm-p158407-e1689364,Content AI Service Program,4
2025-12-04,cm-p158407-e1710855,Content AI Service Program,1
2025-12-04,cm-p163523-e1788054,ASO Sandbox Trial,111
2025-12-04,cm-p171453-e1846108,WYNDHAM HOTEL GROUP LLC BC Pilot,204
2025-12-04,cm-p7718-e16261,InsideAdobeNext,7
2025-12-04,cm-p7718-e16302,InsideAdobeNext,7444
